<?xml version="1.0" encoding="UTF-8"?>
<export version="D">
  <design>
    <source>C:\projects.private\Elektronik\C64\Power Supply Build\C64-PSU-251053-11-Austauschplatine\Rev_0_4_0\C64-PSU-251053-11_Austauschplatine.sch</source>
    <date>16.10.2019 14:24:57</date>
    <tool>Eeschema (5.1.4)-1</tool>
    <sheet number="1" name="/" tstamps="/">
      <title_block>
        <title>C64-PSU 251053-11 Austauschplatine</title>
        <company>TMO</company>
        <rev>0.4.0</rev>
        <date>2019-04-27</date>
        <source>C64-PSU-251053-11_Austauschplatine.sch</source>
        <comment number="1" value="mit Murata OKX-T/3-D12N-C Schaltregler"/>
        <comment number="2" value=""/>
        <comment number="3" value=""/>
        <comment number="4" value=""/>
      </title_block>
    </sheet>
  </design>
  <components>
    <comp ref="D1">
      <value>KBU80</value>
      <footprint>TMO_Diode_THT:Diode_Bridge_Vishay_KBU</footprint>
      <libsource lib="C64-PSU-251053-11_Austauschplatine-rescue" part="D_Bridge_+AA-" description=""/>
      <sheetpath names="/" tstamps="/"/>
      <tstamp>5A6340FA</tstamp>
    </comp>
    <comp ref="F1">
      <value>T 1,6A</value>
      <footprint>Fuse_Holders_and_Fuses:Fuseholder5x20_horiz_open_inline_Type-I</footprint>
      <datasheet>~</datasheet>
      <libsource lib="Device" part="Fuse" description="Fuse"/>
      <sheetpath names="/" tstamps="/"/>
      <tstamp>5A63416A</tstamp>
    </comp>
    <comp ref="F2">
      <value>T 1,6A</value>
      <footprint>Fuse_Holders_and_Fuses:Fuseholder5x20_horiz_open_inline_Type-I</footprint>
      <datasheet>~</datasheet>
      <libsource lib="Device" part="Fuse" description="Fuse"/>
      <sheetpath names="/" tstamps="/"/>
      <tstamp>5A6341AF</tstamp>
    </comp>
    <comp ref="RV1">
      <value>Varistor</value>
      <footprint>Varistors:RV_Disc_D12_W4.5_P7.5</footprint>
      <datasheet>~</datasheet>
      <libsource lib="Device" part="Varistor" description="Voltage dependent resistor"/>
      <sheetpath names="/" tstamps="/"/>
      <tstamp>5A6342D8</tstamp>
    </comp>
    <comp ref="RV2">
      <value>Varistor</value>
      <footprint>Varistors:RV_Disc_D12_W4.5_P7.5</footprint>
      <datasheet>~</datasheet>
      <libsource lib="Device" part="Varistor" description="Voltage dependent resistor"/>
      <sheetpath names="/" tstamps="/"/>
      <tstamp>5A634336</tstamp>
    </comp>
    <comp ref="C1">
      <value>4.700uF</value>
      <footprint>Capacitors_THT:CP_Radial_D18.0mm_P7.50mm</footprint>
      <datasheet>~</datasheet>
      <libsource lib="Device" part="CP" description="Polarized capacitor"/>
      <sheetpath names="/" tstamps="/"/>
      <tstamp>5A63435B</tstamp>
    </comp>
    <comp ref="C2">
      <value>220uF</value>
      <footprint>Capacitors_THT:CP_Radial_D8.0mm_P3.50mm</footprint>
      <datasheet>~</datasheet>
      <libsource lib="Device" part="CP" description="Polarized capacitor"/>
      <sheetpath names="/" tstamps="/"/>
      <tstamp>5A6343C3</tstamp>
    </comp>
    <comp ref="C3">
      <value>150uF</value>
      <footprint>Capacitors_THT:CP_Radial_D8.0mm_P3.50mm</footprint>
      <datasheet>~</datasheet>
      <libsource lib="Device" part="CP" description="Polarized capacitor"/>
      <sheetpath names="/" tstamps="/"/>
      <tstamp>5A6343EB</tstamp>
    </comp>
    <comp ref="C4">
      <value>150uF</value>
      <footprint>Capacitors_THT:CP_Radial_D8.0mm_P3.50mm</footprint>
      <datasheet>~</datasheet>
      <libsource lib="Device" part="CP" description="Polarized capacitor"/>
      <sheetpath names="/" tstamps="/"/>
      <tstamp>5A634418</tstamp>
    </comp>
    <comp ref="L1">
      <value>8,2uH</value>
      <footprint>TMO:L_Radial_D9.5mm_P5.00mm_Fastron_07HVP</footprint>
      <datasheet>~</datasheet>
      <libsource lib="Device" part="L" description="Inductor"/>
      <sheetpath names="/" tstamps="/"/>
      <tstamp>5A634456</tstamp>
    </comp>
    <comp ref="RV3">
      <value>2k</value>
      <footprint>Potentiometers:Potentiometer_Trimmer_Vishay_43</footprint>
      <libsource lib="C64-PSU-251053-11_Austauschplatine-rescue" part="POT" description=""/>
      <sheetpath names="/" tstamps="/"/>
      <tstamp>5A6345BF</tstamp>
    </comp>
    <comp ref="J1">
      <value>AC1</value>
      <footprint>Rev0_3_1:Measurement_Point_Square-TH_Big</footprint>
      <libsource lib="C64-PSU-251053-11_Austauschplatine-rescue" part="GS1" description=""/>
      <sheetpath names="/" tstamps="/"/>
      <tstamp>5A635D23</tstamp>
    </comp>
    <comp ref="J2">
      <value>AC1</value>
      <footprint>Rev0_3_1:Measurement_Point_Square-TH_Big</footprint>
      <libsource lib="C64-PSU-251053-11_Austauschplatine-rescue" part="GS1" description=""/>
      <sheetpath names="/" tstamps="/"/>
      <tstamp>5A635E5A</tstamp>
    </comp>
    <comp ref="J3">
      <value>AC2</value>
      <footprint>Rev0_3_1:Measurement_Point_Square-TH_Big</footprint>
      <libsource lib="C64-PSU-251053-11_Austauschplatine-rescue" part="GS1" description=""/>
      <sheetpath names="/" tstamps="/"/>
      <tstamp>5A635EAC</tstamp>
    </comp>
    <comp ref="J4">
      <value>AC2</value>
      <footprint>Rev0_3_1:Measurement_Point_Square-TH_Big</footprint>
      <libsource lib="C64-PSU-251053-11_Austauschplatine-rescue" part="GS1" description=""/>
      <sheetpath names="/" tstamps="/"/>
      <tstamp>5A635F0E</tstamp>
    </comp>
    <comp ref="D2">
      <value>6,2V</value>
      <footprint>Diodes_THT:D_DO-41_SOD81_P5.08mm_Vertical_KathodeUp</footprint>
      <datasheet>~</datasheet>
      <libsource lib="Device" part="D_Zener" description="Zener diode"/>
      <sheetpath names="/" tstamps="/"/>
      <tstamp>5A6367CA</tstamp>
    </comp>
    <comp ref="J5">
      <value>5V</value>
      <footprint>Rev0_3_1:Measurement_Point_Square-TH_Big</footprint>
      <libsource lib="C64-PSU-251053-11_Austauschplatine-rescue" part="GS1" description=""/>
      <sheetpath names="/" tstamps="/"/>
      <tstamp>5A64BCCB</tstamp>
    </comp>
    <comp ref="J6">
      <value>GND</value>
      <footprint>Rev0_3_1:Measurement_Point_Square-TH_Big</footprint>
      <libsource lib="C64-PSU-251053-11_Austauschplatine-rescue" part="GS1" description=""/>
      <sheetpath names="/" tstamps="/"/>
      <tstamp>5A64BD8F</tstamp>
    </comp>
    <comp ref="J7">
      <value>AC3</value>
      <footprint>Rev0_3_1:Measurement_Point_Square-TH_Big</footprint>
      <libsource lib="C64-PSU-251053-11_Austauschplatine-rescue" part="GS1" description=""/>
      <sheetpath names="/" tstamps="/"/>
      <tstamp>5A64BDE4</tstamp>
    </comp>
    <comp ref="J8">
      <value>AC3</value>
      <footprint>Rev0_3_1:Measurement_Point_Square-TH_Big</footprint>
      <libsource lib="C64-PSU-251053-11_Austauschplatine-rescue" part="GS1" description=""/>
      <sheetpath names="/" tstamps="/"/>
      <tstamp>5A64BE4D</tstamp>
    </comp>
    <comp ref="C6">
      <value>1uF</value>
      <footprint>Capacitors_SMD:C_1210_HandSoldering</footprint>
      <datasheet>~</datasheet>
      <libsource lib="Device" part="C" description="Unpolarized capacitor"/>
      <sheetpath names="/" tstamps="/"/>
      <tstamp>5C82B442</tstamp>
    </comp>
    <comp ref="C7">
      <value>22uF</value>
      <footprint>Capacitors_SMD:C_1210_HandSoldering</footprint>
      <datasheet>~</datasheet>
      <libsource lib="Device" part="C" description="Unpolarized capacitor"/>
      <sheetpath names="/" tstamps="/"/>
      <tstamp>5C82B552</tstamp>
    </comp>
    <comp ref="C5">
      <value>22uF</value>
      <footprint>Capacitors_SMD:C_1210_HandSoldering</footprint>
      <datasheet>~</datasheet>
      <libsource lib="Device" part="C" description="Unpolarized capacitor"/>
      <sheetpath names="/" tstamps="/"/>
      <tstamp>5C82C1F7</tstamp>
    </comp>
    <comp ref="U1">
      <value>OKX-T_3-D12</value>
      <footprint>Rev0_3_1:Murata_OKX-T3-D12</footprint>
      <libsource lib="OKX-T_3-D12" part="OKX-T_3-D12" description="3A non isolated step down switching regulators"/>
      <sheetpath names="/" tstamps="/"/>
      <tstamp>5DA3C944</tstamp>
    </comp>
  </components>
  <libparts>
    <libpart lib="C64-PSU-251053-11_Austauschplatine-rescue" part="D_Bridge_+AA-">
      <footprints>
        <fp>D?Bridge*</fp>
        <fp>D?Rectifier*</fp>
      </footprints>
      <fields>
        <field name="Reference">D</field>
        <field name="Value">D_Bridge_+AA-</field>
      </fields>
      <pins>
        <pin num="1" name="+" type="input"/>
        <pin num="2" name="~" type="input"/>
        <pin num="3" name="~" type="input"/>
        <pin num="4" name="-" type="input"/>
      </pins>
    </libpart>
    <libpart lib="C64-PSU-251053-11_Austauschplatine-rescue" part="GS1">
      <footprints>
        <fp>GS*</fp>
      </footprints>
      <fields>
        <field name="Reference">J</field>
        <field name="Value">GS1</field>
        <field name="Footprint">Connectors:GS1</field>
      </fields>
      <pins>
        <pin num="1" name="G1" type="passive"/>
      </pins>
    </libpart>
    <libpart lib="C64-PSU-251053-11_Austauschplatine-rescue" part="POT">
      <footprints>
        <fp>Potentiometer*</fp>
      </footprints>
      <fields>
        <field name="Reference">RV</field>
        <field name="Value">POT</field>
      </fields>
      <pins>
        <pin num="1" name="1" type="passive"/>
        <pin num="2" name="2" type="passive"/>
        <pin num="3" name="3" type="passive"/>
      </pins>
    </libpart>
    <libpart lib="Device" part="C">
      <description>Unpolarized capacitor</description>
      <docs>~</docs>
      <footprints>
        <fp>C_*</fp>
      </footprints>
      <fields>
        <field name="Reference">C</field>
        <field name="Value">C</field>
      </fields>
      <pins>
        <pin num="1" name="~" type="passive"/>
        <pin num="2" name="~" type="passive"/>
      </pins>
    </libpart>
    <libpart lib="Device" part="CP">
      <description>Polarized capacitor</description>
      <docs>~</docs>
      <footprints>
        <fp>CP_*</fp>
      </footprints>
      <fields>
        <field name="Reference">C</field>
        <field name="Value">CP</field>
      </fields>
      <pins>
        <pin num="1" name="~" type="passive"/>
        <pin num="2" name="~" type="passive"/>
      </pins>
    </libpart>
    <libpart lib="Device" part="D_Zener">
      <description>Zener diode</description>
      <docs>~</docs>
      <footprints>
        <fp>TO-???*</fp>
        <fp>*_Diode_*</fp>
        <fp>*SingleDiode*</fp>
        <fp>D_*</fp>
      </footprints>
      <fields>
        <field name="Reference">D</field>
        <field name="Value">D_Zener</field>
      </fields>
      <pins>
        <pin num="1" name="K" type="passive"/>
        <pin num="2" name="A" type="passive"/>
      </pins>
    </libpart>
    <libpart lib="Device" part="Fuse">
      <description>Fuse</description>
      <docs>~</docs>
      <footprints>
        <fp>*Fuse*</fp>
      </footprints>
      <fields>
        <field name="Reference">F</field>
        <field name="Value">Fuse</field>
      </fields>
      <pins>
        <pin num="1" name="~" type="passive"/>
        <pin num="2" name="~" type="passive"/>
      </pins>
    </libpart>
    <libpart lib="Device" part="L">
      <description>Inductor</description>
      <docs>~</docs>
      <footprints>
        <fp>Choke_*</fp>
        <fp>*Coil*</fp>
        <fp>Inductor_*</fp>
        <fp>L_*</fp>
      </footprints>
      <fields>
        <field name="Reference">L</field>
        <field name="Value">L</field>
      </fields>
      <pins>
        <pin num="1" name="1" type="passive"/>
        <pin num="2" name="2" type="passive"/>
      </pins>
    </libpart>
    <libpart lib="Device" part="Varistor">
      <description>Voltage dependent resistor</description>
      <docs>~</docs>
      <footprints>
        <fp>RV_*</fp>
        <fp>Varistor*</fp>
      </footprints>
      <fields>
        <field name="Reference">RV</field>
        <field name="Value">Varistor</field>
      </fields>
      <pins>
        <pin num="1" name="~" type="passive"/>
        <pin num="2" name="~" type="passive"/>
      </pins>
    </libpart>
    <libpart lib="OKX-T_3-D12" part="OKX-T_3-D12">
      <description>3A non isolated step down switching regulators</description>
      <fields>
        <field name="Reference">U</field>
        <field name="Value">OKX-T_3-D12</field>
        <field name="Footprint">Rev0_3_1:Murata_OKX-T3-D12</field>
      </fields>
      <pins>
        <pin num="1" name="VOUT" type="power_out"/>
        <pin num="2" name="Trim" type="input"/>
        <pin num="3" name="GND" type="power_in"/>
        <pin num="4" name="VIN" type="power_in"/>
        <pin num="5" name="Remote_ON/OFF" type="NotConnected"/>
      </pins>
    </libpart>
  </libparts>
  <libraries>
    <library logical="C64-PSU-251053-11_Austauschplatine-rescue">
      <uri>C:\projects.private\Elektronik\C64\Power Supply Build\C64-PSU-251053-11-Austauschplatine\Rev_0_4_0/C64-PSU-251053-11_Austauschplatine-rescue.lib</uri>
    </library>
    <library logical="Device">
      <uri>C:\Program Files\KiCad\share\kicad\library/Device.lib</uri>
    </library>
    <library logical="OKX-T_3-D12">
      <uri>C:\projects.private\Elektronik\C64\Power Supply Build\C64-PSU-251053-11-Austauschplatine\Rev_0_4_0/library/OKX-T_3-D12.lib</uri>
    </library>
  </libraries>
  <nets>
    <net code="1" name="Net-(D1-Pad3)">
      <node ref="J2" pin="1"/>
      <node ref="D1" pin="3"/>
      <node ref="RV1" pin="2"/>
    </net>
    <net code="2" name="Net-(D1-Pad2)">
      <node ref="RV1" pin="1"/>
      <node ref="F1" pin="1"/>
      <node ref="D1" pin="2"/>
    </net>
    <net code="3" name="Net-(RV3-Pad3)">
      <node ref="RV3" pin="3"/>
    </net>
    <net code="4" name="Net-(RV3-Pad1)">
      <node ref="RV3" pin="1"/>
      <node ref="U1" pin="2"/>
    </net>
    <net code="5" name="Net-(U1-Pad5)">
      <node ref="U1" pin="5"/>
    </net>
    <net code="6" name="Net-(F1-Pad2)">
      <node ref="J1" pin="1"/>
      <node ref="F1" pin="2"/>
    </net>
    <net code="7" name="Net-(F2-Pad1)">
      <node ref="RV2" pin="1"/>
      <node ref="F2" pin="1"/>
      <node ref="J7" pin="1"/>
    </net>
    <net code="8" name="Net-(C1-Pad1)">
      <node ref="D1" pin="1"/>
      <node ref="C1" pin="1"/>
      <node ref="C2" pin="1"/>
      <node ref="L1" pin="1"/>
    </net>
    <net code="9" name="Net-(C3-Pad1)">
      <node ref="C5" pin="1"/>
      <node ref="L1" pin="2"/>
      <node ref="C3" pin="1"/>
      <node ref="U1" pin="4"/>
    </net>
    <net code="10" name="Net-(F2-Pad2)">
      <node ref="J3" pin="1"/>
      <node ref="F2" pin="2"/>
    </net>
    <net code="11" name="Net-(J4-Pad1)">
      <node ref="J8" pin="1"/>
      <node ref="J4" pin="1"/>
      <node ref="RV2" pin="2"/>
    </net>
    <net code="12" name="Net-(C4-Pad1)">
      <node ref="D2" pin="1"/>
      <node ref="J5" pin="1"/>
      <node ref="C7" pin="1"/>
      <node ref="C6" pin="1"/>
      <node ref="U1" pin="1"/>
      <node ref="C4" pin="1"/>
    </net>
    <net code="13" name="Net-(C1-Pad2)">
      <node ref="J6" pin="1"/>
      <node ref="D2" pin="2"/>
      <node ref="C7" pin="2"/>
      <node ref="C6" pin="2"/>
      <node ref="RV3" pin="2"/>
      <node ref="C3" pin="2"/>
      <node ref="D1" pin="4"/>
      <node ref="C5" pin="2"/>
      <node ref="C1" pin="2"/>
      <node ref="C2" pin="2"/>
      <node ref="C4" pin="2"/>
      <node ref="U1" pin="3"/>
    </net>
  </nets>
</export>
